date,num1,num2,num3,num4,num5,num6 
2024-01-06,7,14,21,28,35,42 
2024-01-13,3,9,15,21,27,33 
2024-01-20,1,12,23,34,45,50 
2024-01-27,5,10,15,20,25,30 
2024-02-03,2,8,14,20,26,32 
2024-02-10,11,22,33,44,45,46 
2024-02-17,4,8,12,16,20,24 
2024-02-24,6,13,19,25,31,37 
2024-03-02,9,18,27,36,45,49 
2024-03-09,1,7,13,19,25,31 
2024-03-16,2,11,20,29,38,47 
2024-03-23,5,13,21,29,37,45 
2024-03-30,3,7,11,15,19,23 
2024-04-06,10,20,30,40,45,50 
2024-04-13,1,2,3,4,5,6 
2024-04-20,8,16,24,32,40,48 
2024-04-27,6,12,18,24,30,36 
2024-05-04,13,17,21,25,29,33 
2024-05-11,2,4,6,8,10,12 
2024-05-18,15,25,35,45,49,50 
2024-05-25,1,11,21,31,41,49 
2024-06-01,7,17,27,37,47,49 
2024-06-08,3,13,23,33,43,50 
2024-06-15,5,15,25,35,45,50 
2024-06-22,9,19,29,39,49,50 
2024-06-29,2,10,18,26,34,42 
2024-07-06,4,12,20,28,36,44 
2024-07-13,6,14,22,30,38,46 
2024-07-20,1,8,15,22,29,36 
2024-07-27,11,19,27,35,43,50 